{
  "timestamp": "20260219_214919",
  "n_candidates_tested": null,
  "n_selected": 1,
  "factors": [
    {
      "ic_mean": 0.32490621722464413,
      "ic_std": 0.4229869661604983,
      "ir": 0.7681234723940917,
      "ic_pos_rate": 0.782608695652174,
      "turnover": 0.05020453402806344,
      "decay": 2.737633318358061,
      "n_obs": 936,
      "factor_name": "atr_norm_60"
    }
  ]
}