{
  "timestamp": "20260219_220803",
  "n_candidates_tested": null,
  "n_selected": 3,
  "factors": [
    {
      "ic_mean": 0.24448754594434907,
      "ic_std": 0.2769578697492671,
      "ir": 0.8827607829511623,
      "ic_pos_rate": 0.8571428571428571,
      "turnover": 0.04129985698395042,
      "decay": 6.566725619272937,
      "n_obs": 435,
      "factor_name": "ret_kurt_60"
    },
    {
      "ic_mean": 0.30568898250852844,
      "ic_std": 0.3835533550973538,
      "ir": 0.7969920701930459,
      "ic_pos_rate": 0.8095238095238095,
      "turnover": 0.04741115680691764,
      "decay": 2.2738572677168074,
      "n_obs": 436,
      "factor_name": "atr_norm_60"
    },
    {
      "ic_mean": 0.10194315897029908,
      "ic_std": 0.20084294046741547,
      "ir": 0.5075765109445718,
      "ic_pos_rate": 0.75,
      "turnover": 0.3363772392867534,
      "decay": 3.030776330476539,
      "n_obs": 491,
      "factor_name": "volume_ratio_5"
    }
  ]
}