{
  "timestamp": "20260219_221733",
  "n_candidates_tested": null,
  "n_selected": 2,
  "factors": [
    {
      "ic_mean": 0.4002963524110097,
      "ic_std": 0.36691933590421133,
      "ir": 1.0909655426704246,
      "ic_pos_rate": 0.8424657534246576,
      "turnover": 0.044828690659103464,
      "decay": 15.002701070485093,
      "n_obs": 2936,
      "factor_name": "atr_norm_60"
    },
    {
      "ic_mean": 0.13293542900354785,
      "ic_std": 0.42749866370433576,
      "ir": 0.31096103985833257,
      "ic_pos_rate": 0.6351351351351351,
      "turnover": 0.069786866359447,
      "decay": 3.816129002824401,
      "n_obs": 2976,
      "factor_name": "atr_norm_20"
    }
  ]
}