{
  "timestamp": "20260219_221811",
  "auc": 0.5429638453365957,
  "accuracy": 0.5922989807474519,
  "n_features": 2,
  "n_train": 2058,
  "n_val": 883,
  "feature_importance": {
    "atr_norm_60": 2327.052200217033,
    "atr_norm_20": 2298.875359443511
  }
}